X_LONG;Y_LAT;Geo Shape;nom;num_station;nb_bornettes;En_service;M_en_S_16_nov_07;street;Mot_Directeur;No;Nrivoli;commune;code_insee;
43,5968525384;1,452653988;"{""type"": ""Point"", ""coordinates"": [1.452653987996167, 43,59685253841969]}";VERDIER - GRAND ROND;65;27;oui;2007;ALL FORAIN FRANCOIS VERDIER;VERDIER (ALL FORAIN FRANCOIS VERDIER);2;3105553396;Toulouse;31555
43,5962857896;1,44712909117;"{""type"": ""Point"", ""coordinates"": [1.447129091169104, 43,5962857895682]}";OZENNE - NAZARETH;45;19;oui;2007;RUE THEODORE OZENNE;OZENNE (RUE THEODORE OZENNE);10;3105556448;Toulouse;31555
43,6054133518;1,43241741661;"{""type"": ""Point"", ""coordinates"": [1.432417416612675, 43,6054133517932]}";BRIENNE -  MANUFACTURE;84;24;oui;2008;ALL DE BRIENNE;BRIENNE (ALL DE BRIENNE);19T;3105551424;Toulouse;31555
43,6056429258;1,42802279233;"{""type"": ""Point"", ""coordinates"": [1.428022792331231, 43,60564292578929]}";SEJOURNE - CATALANS;82;16;oui;2007;AV PAUL SEJOURNE;SEJOURNE (AV PAUL SEJOURNE);1;3105556648;Toulouse;31555
43,6102092932;1,43502297469;"{""type"": ""Point"", ""coordinates"": [1.435022974690659, 43,61020929321457]}";DUPORTAL -  LASCROSSES;88;25;oui;2007;BD LASCROSSES;LASCROSSES (BD LASCROSSES);17T;3105555080;Toulouse;31555
43,6095720555;1,44934651476;"{""type"": ""Point"", ""coordinates"": [1.449346514758999, 43,609572055486744]}";PLACE SCHUMAN;36;23;oui;2008;PL ROBERT SCHUMAN;SCHUMAN (PL ROBERT SCHUMAN);5;3105557536;Toulouse;31555
43,6062917153;1,4482291525;"{""type"": ""Point"", ""coordinates"": [1.448229152497462, 43,60629171528031]}";STRASBOURG - JAURES;18;24;oui;2007;BD DE STRASBOURG;STRASBOURG (BD DE STRASBOURG);4;3105558328;Toulouse;31555
43,6095960542;1,44608782309;"{""type"": ""Point"", ""coordinates"": [1.446087823089136, 43,60959605423264]}";SAINT LAZARE;34;17;oui;2008;PETITE-RUE SAINT LAZARE;LAZARE (PETITE-RUE SAINT LAZARE);2;3105557876;Toulouse;31555
43,6051683885;1,44939724807;"{""type"": ""Point"", ""coordinates"": [1.449397248065661, 43,60516838845603]}";CARNOT  - PERI;19;25;oui;2007;BD LAZARE CARNOT;CARNOT (BD LAZARE CARNOT);62;3105555132;Toulouse;31555
43,5952289047;1,44538657565;"{""type"": ""Point"", ""coordinates"": [1.445386575652513, 43,59522890471567]}";NAZARETH -  LANGUEDOC;47;25;oui;2007;RUE DU LANGUEDOC;LANGUEDOC (RUE DU LANGUEDOC);12;3105555000;Toulouse;31555
43,5981319833;1,43140332849;"{""type"": ""Point"", ""coordinates"": [1.43140332849084, 43,59813198330841]}";PLACE INT ST CYPRIEN DARRE;78;17;oui;2008;PL INTERIEURE ST CYPRIEN;CYPRIEN (PL INTERIEURE ST CYPRIEN);14;3105554336;Toulouse;31555
43,5977807776;1,43161735095;"{""type"": ""Point"", ""coordinates"": [1.431617350951533, 43,59778077762284]}";PLACE INT SAINT CYPRIEN;77;13;oui;2008;PL INTERIEURE ST CYPRIEN;CYPRIEN (PL INTERIEURE ST CYPRIEN);2;3105554336;Toulouse;31555
43,6088961907;1,4530070198;"{""type"": ""Point"", ""coordinates"": [1.4530070197967, 43,608896190746115]}";JAURES  -  STALINGRAD;62;23;oui;2008;ALL JEAN JAURES;JAURES (ALL JEAN JAURES);71T;3105554600;Toulouse;31555
43,610469415;1,45275602503;"{""type"": ""Point"", ""coordinates"": [1.452756025030549, 43,61046941498658]}";BONREPOS;61;25;oui;2007;BD DE BONREPOS;BONREPOS (BD DE BONREPOS);8T;3105551256;Toulouse;31555
43,6134349958;1,44641262677;"{""type"": ""Point"", ""coordinates"": [1.446412626772983, 43,61343499584991]}";CONCORDE -  PRINTEMPS;59;18;oui;2008;RUE DE LA CONCORDE;CONCORDE (RUE DE LA CONCORDE);61;3105552256;Toulouse;31555
43,6110568679;1,43666783605;"{""type"": ""Point"", ""coordinates"": [1.436667836046304, 43,61105686790535]}";ESP COMPANS CAFFARELLI;89;23;oui;2008;ESP COMPANS CAFFARELLI;CAFFARELLI (ESP COMPANS CAFFARELLI);1;3105552251;Toulouse;31555
43,5926435698;1,43391008377;"{""type"": ""Point"", ""coordinates"": [1.433910083765634, 43,592643569798035]}";PLACE DU FER A CHEVAL;70;18;oui;2008;PL DU FER A CHEVAL;CHEVAL (PL DU FER A CHEVAL);5;3105553240;Toulouse;31555
43,5854539121;1,42836055655;"{""type"": ""Point"", ""coordinates"": [1.428360556554285, 43,585453912074385]}";CROIX DE PIERRE - DEODAT DE SEVERAC;129;18;oui;2008;BD DEODAT DE SEVERAC;SEVERAC (BD DEODAT DE SEVERAC);2;3105552600;Toulouse;31555
43,6122930925;1,42883016987;"{""type"": ""Point"", ""coordinates"": [1.428830169871202, 43,612293092496]}";SEBASTOPOL -  RITAY;108;20;oui;2008;RUE DE SEBASTOPOL;SEBASTOPOL (RUE DE SEBASTOPOL);9;3105558204;Toulouse;31555
43,5905939974;1,44529342009;"{""type"": ""Point"", ""coordinates"": [1.445293420092475, 43,590593997440855]}";ST MICHEL - STE CATHERINE;103;20;oui;2008;GRANDE-RUE SAINT MICHEL;MICHEL (GRANDE-RUE SAINT MICHEL);139;3105557916;Toulouse;31555
43,6010480572;1,4203478302;"{""type"": ""Point"", ""coordinates"": [1.420347830199796, 43,60104805722361]}";BRUNHES FONTAINES;137;20;oui;2008;BD JEAN BRUNHES;BRUNHES (BD JEAN BRUNHES);45;3105554524;Toulouse;31555
43,5955021251;1,4184399276;"{""type"": ""Point"", ""coordinates"": [1.418439927597211, 43,59550212507627]}";BARRIERE DE LOMBEZ;139;20;oui;2008;AV DE LOMBEZ;LOMBEZ (AV DE LOMBEZ);39;3105555308;Toulouse;31555
43,5829164338;1,44859626286;"{""type"": ""Point"", ""coordinates"": [1.448596262859481, 43,582916433800435]}";URSS RECOLLETS;157;18;oui;2008;AV DE L URSS;URSS (AV DE L URSS);16B;3105558660;Toulouse;31555
43,5808838995;1,4491600192;"{""type"": ""Point"", ""coordinates"": [1.449160019201381, 43,580883899518405]}";URSS ST THOMAS D AQUIN;158;20;oui;2008;AV DE L URSS;URSS (AV DE L URSS);55;3105558660;Toulouse;31555
43,5732974533;1,452480141;"{""type"": ""Point"", ""coordinates"": [1.452480141003065, 43,573297453277725]}";THEATRE JULES JULIEN;160;17;oui;2008;AV DES ECOLES JULES JULIEN;JULIEN (AV DES ECOLES JULES JULIEN);21;3105552860;Toulouse;31555
43,5766426282;1,45484622844;"{""type"": ""Point"", ""coordinates"": [1.454846228441906, 43,57664262821756]}";RANGUEIL BEDOUCE;161;16;oui;2008;AV DE RANGUEIL;RANGUEIL (AV DE RANGUEIL);35;3105557268;Toulouse;31555
43,639867049;1,45228507178;"{""type"": ""Point"", ""coordinates"": [1.452285071778556, 43,639867048998525]}";METRO BOURGES MAUNOURY;175;30;oui;2008;AV MAURICE BOURGES MAUNOURY;MAUNOURY (AV MAURICE BOURGES MAUNOURY);0;3105555789;Toulouse;31555
43,616950373;1,47362082296;"{""type"": ""Point"", ""coordinates"": [1.473620822963544, 43,61695037296325]}";CASSAING PLANA;179;17;oui;2008;CHE CASSAING;CASSAING (CHE CASSAING);4;3105551744;Toulouse;31555
43,6122298512;1,47754712628;"{""type"": ""Point"", ""coordinates"": [1.477547126284992, 43,61222985121447]}";PLACE SOUPETARD;180;15;oui;2008;PL DE SOUPETARD;SOUPETARD (PL DE SOUPETARD);3;3105558300;Toulouse;31555
43,6272417169;1,46929476642;"{""type"": ""Point"", ""coordinates"": [1.469294766418546, 43,627241716869136]}";MICHOUN LIPPMAN;184;18;oui;2008;CHE MICHOUN;MICHOUN (CHE MICHOUN);70;3105555932;Toulouse;31555
43,627195343;1,465605434;"{""type"": ""Point"", ""coordinates"": [1.465605434002923, 43,627195343014336]}";ROUBICHOU ARLES;185;15;oui;2008;RUE ROUBICHOU;ROUBICHOU (RUE ROUBICHOU);30;3105557648;Toulouse;31555
43,5842932421;1,42755810868;"{""type"": ""Point"", ""coordinates"": [1.427558108678206, 43,584293242148426]}";MURET LAFAGE;188;18;oui;2008;AV DE MURET;MURET (AV DE MURET);121;3105556160;Toulouse;31555
43,5973230445;1,45896112629;"{""type"": ""Point"", ""coordinates"": [1.458961126285945, 43,59732304451955]}";LAROUSSE RIEUX;195;20;oui;2008;AV JEAN RIEUX;RIEUX (AV JEAN RIEUX);4;3105554652;Toulouse;31555
43,5790375975;1,48362912376;"{""type"": ""Point"", ""coordinates"": [1.483629123757913, 43,57903759753108]}";PLACE DE L ORMEAU;200;20;oui;2008;AV JEAN RIEUX;RIEUX (AV JEAN RIEUX);345;3105554652;Toulouse;31555
43,5868580242;1,46318435937;"{""type"": ""Point"", ""coordinates"": [1.463184359368428, 43,58685802419848]}";PL ROGER ARNAUD;204;18;oui;2008;PL ROGER ARNAUD;ARNAUD (PL ROGER ARNAUD);1;3105557568;Toulouse;31555
43,5833549065;1,48194817912;"{""type"": ""Point"", ""coordinates"": [1.481948179118739, 43,583354906511474]}";CHRIST ROI;207;17;oui;2008;RUE DE L AUDE;AUDE (RUE DE L AUDE);25;3105550616;Toulouse;31555
43,5860888183;1,48294081417;"{""type"": ""Point"", ""coordinates"": [1.482940814172811, 43,586088818316725]}";FIRMIS;210;18;oui;2008;CHE DE LA TERRASSE;TERRASSE (CHE DE LA TERRASSE);42;3105558436;Toulouse;31555
43,5834787296;1,48776554506;"{""type"": ""Point"", ""coordinates"": [1.487765545057768, 43,5834787295604]}";LE DORMEUR LA TERRASSE;211;18;oui;2008;RUE LE DORMEUR;DORMEUR (RUE LE DORMEUR);9;3105552746;Toulouse;31555
43,5962276711;1,4734540058;"{""type"": ""Point"", ""coordinates"": [1.473454005797943, 43,59622767111032]}";LAFILAIRE DELTOUR;198;20;oui;2008;CHE DE LAFILAIRE;LAFILAIRE (CHE DE LAFILAIRE);25;3105554932;Toulouse;31555
43,5692062094;1,45634916182;"{""type"": ""Point"", ""coordinates"": [1.45634916182147, 43,56920620937197]}";NARBONNE MIROUSE;232;18;oui;2008;RTE DE NARBONNE;NARBONNE (RTE DE NARBONNE);64;3105556196;Toulouse;31555
43,6280995744;1,45149691293;"{""type"": ""Point"", ""coordinates"": [1.451496912926339, 43,628099574432326]}";LOUIN RAYNAL;234;17;oui;2008;RUE PIERRETTE LOUIN;LOUIN (RUE PIERRETTE LOUIN);4;3105556921;Toulouse;31555
43,579337;1,47308252568;"{""type"": ""Point"", ""coordinates"": [1.473082525677108, 43,57933699996901]}";BUTTE HERBETTES;238;17;oui;2008;CHE DE LA BUTTE;BUTTE (CHE DE LA BUTTE);50;3105551468;Toulouse;31555
43,6170088747;1,40838826427;"{""type"": ""Point"", ""coordinates"": [1.408388264273494, 43,617008874686874]}";JOB BLAGNAC;240;20;oui;2008;RTE DE BLAGNAC;BLAGNAC (RTE DE BLAGNAC);112;3105551180;Toulouse;31555
43,6410053584;1,4485459656;"{""type"": ""Point"", ""coordinates"": [1.448545965602226, 43,64100535842833]}";BOUQUETINS ROSTAND;248;18;oui;2008;RUE EDMOND ROSTAND;ROSTAND (RUE EDMOND ROSTAND);139;3105552888;Toulouse;31555
43,5939923669;1,41028318212;"{""type"": ""Point"", ""coordinates"": [1.410283182120998, 43,59399236690267]}";LOMBEZ HIPPODROME;194;20;oui;2008;AV DE LOMBEZ;LOMBEZ (AV DE LOMBEZ);93;3105555308;Toulouse;31555
43,5649848918;1,47817624524;"{""type"": ""Point"", ""coordinates"": [1.478176245238297, 43,56498489183261]}";BELIN E.N.A.C.;223;20;oui;2008;AV DU COLONEL ROCHE;ROCHE (AV DU COLONEL ROCHE);4;3105552202;Toulouse;31555
43,638304064;1,46502966619;"{""type"": ""Point"", ""coordinates"": [1.465029666185683, 43,638304064042885]}";MAIRIE CROIX DAURADE;249;18;oui;2008;RTE D ALBI;ALBI (RTE D ALBI);159;3105550124;Toulouse;31555
43,6007058546;1,48358375356;"{""type"": ""Point"", ""coordinates"": [1.483583753564694, 43,60070585455275]}";CHÃTEAU DE L'HERS;257;0;oui;2013;CHE DU CHATEAU DE L HERS;HERS (CHE DU CHATEAU DE L HERS);;;Toulouse;31555
43,5898907222;1,37784158961;"{""type"": ""Point"", ""coordinates"": [1.377841589609154, 43,58989072222916]}";PLACE SAUVEGRAIN;269;18;oui;2013;PL JACQUES SAUVEGRAIN;SAUVEGRAIN (PL JACQUES SAUVEGRAIN);;3105558180;Toulouse;31555
43,6193313144;1,39698816888;"{""type"": ""Point"", ""coordinates"": [1.396988168879668, 43,61933131435428]}";ANCELY;271;0;oui;2013;AV DES ARENES ROMAINES;ROMAINES (AV DES ARENES ROMAINES);110;3105550448;Toulouse;31555
43,6136241552;1,40137704456;"{""type"": ""Point"", ""coordinates"": [1.401377044559924, 43,61362415516584]}";ESPAGNO;279;0;oui;2013;AV DE CASSELARDIT;CASSELARDIT (AV DE CASSELARDIT);;3105551748;Toulouse;31555
43,6048803123;1,44528393194;"{""type"": ""Point"", ""coordinates"": [1.445283931942212, 43,60488031234228]}";LAFAYETTE;2;22;oui;2007;RUE LAFAYETTE;LAFAYETTE (RUE LAFAYETTE);21;3105554920;Toulouse;31555
43,6000778625;1,44931801794;"{""type"": ""Point"", ""coordinates"": [1.449318017941393, 43,60007786245958]}";PLACE SAINT ETIENNE;24;20;oui;2007;PL SAINT ETIENNE;ETIENNE (PL SAINT ETIENNE);14;3105557756;Toulouse;31555
43,6018681239;1,44032777397;"{""type"": ""Point"", ""coordinates"": [1.440327773972025, 43,601868123911125]}";PLACE DE LA DAURADE;11;28;oui;2007;PL DE LA DAURADE;DAURADE (PL DE LA DAURADE);2;3105552520;Toulouse;31555
43,5966673933;1,4362371039;"{""type"": ""Point"", ""coordinates"": [1.436237103900735, 43,59666739328046]}";LAGANNE - TEINTURIERS;74;18;oui;2008;RUE LAGANNE;LAGANNE (RUE LAGANNE);37;3105554948;Toulouse;31555
43,6092360395;1,43201717284;"{""type"": ""Point"", ""coordinates"": [1.432017172838922, 43,60923603951827]}";LASCROSSES -  LECLERC;87;26;oui;2008;BD LASCROSSES;LASCROSSES (BD LASCROSSES);47;3105555080;Toulouse;31555
43,6063052599;1,43840139056;"{""type"": ""Point"", ""coordinates"": [1.43840139055947, 43,60630525990898]}";PLACE ANATOLE FRANCE;30;25;oui;2007;PL ANATOLE FRANCE;FRANCE (PL ANATOLE FRANCE);40;3105550272;Toulouse;31555
43,6076038636;1,44130600071;"{""type"": ""Point"", ""coordinates"": [1.441306000706162, 43,60760386355083]}";MUSEE ST RAYMOND;32;12;oui;2008;RUE DES TROIS RENARDS;RENARDS (RUE DES TROIS RENARDS);8;3105558616;Toulouse;31555
43,6051357726;1,44228102938;"{""type"": ""Point"", ""coordinates"": [1.442281029382847, 43,605135772629914]}";LOIS;6;20;oui;2007;RUE DES LOIS;LOIS (RUE DES LOIS);5;3105555304;Toulouse;31555
43,6270624418;1,43402945572;"{""type"": ""Point"", ""coordinates"": [1.434029455722638, 43,62706244179115]}";BARRIERE DE PARIS;125;20;oui;2008;BRE DE PARIS;PARIS (BRE DE PARIS);0;310555B279;Toulouse;31555
43,5906437919;1,45332605363;"{""type"": ""Point"", ""coordinates"": [1.453326053627276, 43,59064379185858]}";DEMOISELLES - MISTRAL;115;16;oui;2008;ALL DES DEMOISELLES;DEMOISELLES (ALL DES DEMOISELLES);8;3105552584;Toulouse;31555
43,6034948624;1,43608294055;"{""type"": ""Point"", ""coordinates"": [1.436082940553237, 43,603494862387286]}";PLACE SAINT PIERRE;28;22;oui;2007;PL SAINT PIERRE;PIERRE (PL SAINT PIERRE);6;3105557948;Toulouse;31555
43,6003731807;1,44490268988;"{""type"": ""Point"", ""coordinates"": [1.444902689883079, 43,60037318070596]}";PLACE ESQUIROL;10;18;oui;2007;PL ETIENNE ESQUIROL;ESQUIROL (PL ETIENNE ESQUIROL);15;3105553084;Toulouse;31555
43,6080099336;1,4286028686;"{""type"": ""Point"", ""coordinates"": [1.428602868604048, 43,60800993357826]}";HERACLES - BEARNAIS;86;18;oui;2007;RUE DU BEARNAIS;BEARNAIS (RUE DU BEARNAIS);23;3105550948;Toulouse;31555
43,6099785954;1,41961292672;"{""type"": ""Point"", ""coordinates"": [1.419612926721543, 43,60997859535801]}";CHAPOU;119;24;oui;2008;ALL DE BRIENNE;BRIENNE (ALL DE BRIENNE);129;3105551424;Toulouse;31555
43,6084261174;1,42386267123;"{""type"": ""Point"", ""coordinates"": [1.423862671227865, 43,60842611740077]}";BRIENNE  -  PASSERELLE;106;15;oui;2008;ALL DE BRIENNE;BRIENNE (ALL DE BRIENNE);99;3105551424;Toulouse;31555
43,6062040223;1,45491047378;"{""type"": ""Point"", ""coordinates"": [1.454910473781723, 43,606204022340386]}";PERI -  MERCADIER;64;18;oui;2008;RUE GABRIEL PERI;PERI (RUE GABRIEL PERI);30;3105553660;Toulouse;31555
43,597515092;1,42871240967;"{""type"": ""Point"", ""coordinates"": [1.428712409665914, 43,597515091991085]}";BILLIERES  -  CHAMPETRE;105;17;oui;2008;AV ETIENNE BILLIERES;BILLIERES (AV ETIENNE BILLIERES);12;3105553116;Toulouse;31555
43,5969149996;1,42621995851;"{""type"": ""Point"", ""coordinates"": [1.426219958510634, 43,596914999643346]}";BILLIERES - POSTE;117;17;oui;2008;AV ETIENNE BILLIERES;BILLIERES (AV ETIENNE BILLIERES);39;3105553116;Toulouse;31555
43,6169597593;1,45426742664;"{""type"": ""Point"", ""coordinates"": [1.454267426640269, 43,616959759332886]}";ECOLE BONNEFOY;126;20;oui;2008;RUE DU FAUBOURG BONNEFOY;BONNEFOY (RUE DU FAUBOURG BONNEFOY);18;3105553204;Toulouse;31555
43,6190127405;1,45680421491;"{""type"": ""Point"", ""coordinates"": [1.456804214914943, 43,61901274053211]}";EGLISE BONNEFOY;134;20;oui;2008;ALL DE L EGLISE BONNEFOY;BONNEFOY (ALL DE L EGLISE BONNEFOY);8;3105552912;Toulouse;31555
43,6207081642;1,43561908258;"{""type"": ""Point"", ""coordinates"": [1.435619082583419, 43,62070816417796]}";MINIMES - MARCHE AU COCHONS;133;20;oui;2008;AV DES MINIMES;MINIMES (AV DES MINIMES);71;3105555956;Toulouse;31555
43,6009101191;1,45072441423;"{""type"": ""Point"", ""coordinates"": [1.450724414232284, 43,60091011912921]}";METZ  - REMPART ST ETIENNE;99;20;oui;2008;RUE DU REMPART ST ETIENNE;ETIENNE (RUE DU REMPART ST ETIENNE);5;3105557384;Toulouse;31555
43,6165650705;1,44410648034;"{""type"": ""Point"", ""coordinates"": [1.444106480343752, 43,616565070549214]}";COLLIGNON;148;19;oui;2008;AV FRANCOIS COLLIGNON;COLLIGNON (AV FRANCOIS COLLIGNON);0;3105552178;Toulouse;31555
43,5802832585;1,45486278446;"{""type"": ""Point"", ""coordinates"": [1.454862784457684, 43,580283258496024]}";ITALIE;162;17;oui;2008;AV D ITALIE;ITALIE (AV D ITALIE);49;3105554364;Toulouse;31555
43,576865802;1,46013616858;"{""type"": ""Point"", ""coordinates"": [1.460136168583298, 43,57686580199079]}";AVIONS LIBELLULES;165;15;oui;2008;AV DES AVIONS;AVIONS (AV DES AVIONS);35;3105550732;Toulouse;31555
43,6231013654;1,45872172854;"{""type"": ""Point"", ""coordinates"": [1.458721728535646, 43,623101365392415]}";BONNEFOY LEMAITRE;135;17;oui;2008;RUE DU FAUBOURG BONNEFOY;BONNEFOY (RUE DU FAUBOURG BONNEFOY);183;3105553204;Toulouse;31555
43,636920634;1,45267805541;"{""type"": ""Point"", ""coordinates"": [1.452678055411561, 43,636920634030105]}";BOURGES MAUNOURY MELAT;174;20;oui;2008;AV MAURICE BOURGES MAUNOURY;MAUNOURY (AV MAURICE BOURGES MAUNOURY);41;3105555789;Toulouse;31555
43,62857411;1,44819976768;"{""type"": ""Point"", ""coordinates"": [1.448199767678763, 43,62857410996417]}";MAUNOURY PISAN;153;18;oui;2008;AV MAURICE BOURGES MAUNOURY;MAUNOURY (AV MAURICE BOURGES MAUNOURY);9;3105555789;Toulouse;31555
43,6174462068;1,46548404809;"{""type"": ""Point"", ""coordinates"": [1.465484048093002, 43,61744620677933]}";BAILLAUD BRUNAUD;177;20;oui;2008;RUE BENJAMIN BAILLAUD;BAILLAUD (RUE BENJAMIN BAILLAUD);64;3105551044;Toulouse;31555
43,609253387;1,47995638238;"{""type"": ""Point"", ""coordinates"": [1.479956382383851, 43,60925338704394]}";PLANA GARNIER;181;15;oui;2008;RUE LOUIS PLANA;PLANA (RUE LOUIS PLANA);27;3105555396;Toulouse;31555
43,581673904;1,47585362468;"{""type"": ""Point"", ""coordinates"": [1.475853624678265, 43,58167390403849]}";SAINT EXUPERIY ECOLE COURREGE;202;17;oui;2008;AV ANTOINE DE ST EXUPERY;EXUPERY (AV ANTOINE DE ST EXUPERY);165;3105557772;Toulouse;31555
43,5858785191;1,47500668606;"{""type"": ""Point"", ""coordinates"": [1.475006686064801, 43,58587851909801]}";COTTAGES RIEUX;205;17;oui;2008;AV DES COTTAGES;COTTAGES (AV DES COTTAGES);58;3105552340;Toulouse;31555
43,5940543473;1,46509048329;"{""type"": ""Point"", ""coordinates"": [1.465090483289044, 43,59405434727789]}";LEYGUE RIEUX;206;18;oui;2008;AV ARMAND LEYGUE;LEYGUE (AV ARMAND LEYGUE);20;3105550496;Toulouse;31555
43,6007100767;1,46731232253;"{""type"": ""Point"", ""coordinates"": [1.467312322530566, 43,60071007670387]}";PUJOL CHAUBET;213;18;oui;2008;AV CAMILLE PUJOL;PUJOL (AV CAMILLE PUJOL);129;3105551584;Toulouse;31555
43,6008400874;1,47355743948;"{""type"": ""Point"", ""coordinates"": [1.473557439477013, 43,60084008742652]}";CASTRES ACHIARY;214;17;oui;2008;AV DE CASTRES;CASTRES (AV DE CASTRES);48;3105551772;Toulouse;31555
43,5680384319;1,46444748384;"{""type"": ""Point"", ""coordinates"": [1.464447483840878, 43,568038431909564]}";METRO PHARMACIE;228;20;oui;2008;CHE DES MARAICHERS;MARAICHERS (CHE DES MARAICHERS);35;3105555576;Toulouse;31555
43,5607377874;1,46303076979;"{""type"": ""Point"", ""coordinates"": [1.463030769789831, 43,56073778742157]}";METRO UPS;227;20;oui;2008;RTE DE NARBONNE;NARBONNE (RTE DE NARBONNE);118;3105556196;Toulouse;31555
43,59731315;1,40375645134;"{""type"": ""Point"", ""coordinates"": [1.40375645133848, 43,59731315001069]}";TOEC ABBE LEMIRE;236;20;oui;2008;RUE DE L ABBE JULES LEMIRE;LEMIRE (RUE DE L ABBE JULES LEMIRE);1;3105554821;Toulouse;31555
43,6363598996;1,43899830073;"{""type"": ""Point"", ""coordinates"": [1.438998300733743, 43,63635989961494]}";LAUNAGUET AUDIBERT;247;20;oui;2008;RTE DE LAUNAGUET;LAUNAGUET (RTE DE LAUNAGUET);112;3105555096;Toulouse;31555
43,596403203;1,45660377248;"{""type"": ""Point"", ""coordinates"": [1.45660377248074, 43,5964032030102]}";PORT SAINT SAUVEUR;15;20;oui;2008;PORT SAINT SAUVEUR;SAUVEUR (PORT SAINT SAUVEUR);22;3105558066;Toulouse;31555
43,5664782986;1,47526886928;"{""type"": ""Point"", ""coordinates"": [1.475268869281199, 43,5664782985792]}";BELIN SUP AERO;224;20;oui;2008;AV EDOUARD BELIN;BELIN (AV EDOUARD BELIN);10;3105552894;Toulouse;31555
43,5622903556;1,48095852125;"{""type"": ""Point"", ""coordinates"": [1.480958521253278, 43,56229035562091]}";BELIN C.N.R.S.;237;20;oui;2008;AV EDOUARD BELIN;BELIN (AV EDOUARD BELIN);16;3105552894;Toulouse;31555
43,5572334863;1,46526500947;"{""type"": ""Point"", ""coordinates"": [1.465265009467367, 43,557233486252734]}";NARBONNE IUFM;231;20;oui;2008;RTE DE NARBONNE;NARBONNE (RTE DE NARBONNE);217;3105556196;Toulouse;31555
43,6474935609;1,43264037245;"{""type"": ""Point"", ""coordinates"": [1.432640372445063, 43,64749356087172]}";PLACE RICHÃ;259;20;oui;2013;PL PAUL RICHE;RICHE (PL PAUL RICHE);;3105556642;Toulouse;31555
43,6406279929;1,44024551967;"{""type"": ""Point"", ""coordinates"": [1.440245519667786, 43,6406279929482]}";VAN DYCK;261;18;oui;2013;RUE ANTOINE VAN DYCK;DYCK (RUE ANTOINE VAN DYCK);;;Toulouse;31555
43,5787362363;1,44674751243;"{""type"": ""Point"", ""coordinates"": [1.44674751242579, 43,578736236264106]}";NIEL;281;0;oui;2014;RUE SAINT ROCH;ROCH (RUE SAINT ROCH);;;Toulouse;31555
43,5680280593;1,41334822234;"{""type"": ""Point"", ""coordinates"": [1.413348222344226, 43,568028059305185]}";BORDELONGUE;265;0;oui;2013;PAS DU CANAL DE BORDELONGUE;BORDELONGUE (PAS DU CANAL DE BORDELONGUE);;;Toulouse;31555
43,5650049725;1,41039892853;"{""type"": ""Point"", ""coordinates"": [1.410398928525144, 43,56500497247343]}";LAFOURGUETTE;264;0;oui;2013;PL DES GLIERES;GLIERES (PL DES GLIERES);;;Toulouse;31555
43,5814509455;1,38878379916;"{""type"": ""Point"", ""coordinates"": [1.388783799161274, 43,58145094547684]}";PLACE DES PRADETTES;275;0;oui;2013;PL DES PRADETTES;PRADETTES (PL DES PRADETTES);;;Toulouse;31555
43,5791571867;1,39260607288;"{""type"": ""Point"", ""coordinates"": [1.392606072884794, 43,57915718667213]}";IZAR;273;0;oui;2013;RPT LOUIS IZAR;IZAR (RPT LOUIS IZAR);;;Toulouse;31555
43,5844422778;1,39871460195;"{""type"": ""Point"", ""coordinates"": [1.398714601949259, 43,58444227781202]}";PLACE JEAN BAYLET;263;0;oui;2013;AV JEAN BAYLET;BAYLET (AV JEAN BAYLET);;;Toulouse;31555
43,6240039562;1,42782751475;"{""type"": ""Point"", ""coordinates"": [1.427827514747879, 43,62400395615544]}";TRENTIN;270;0;oui;2013;BD SILVIO TRENTIN;TRENTIN (BD SILVIO TRENTIN);;3105558356;Toulouse;31555
43,6013069756;1,45208030445;"{""type"": ""Point"", ""coordinates"": [1.452080304453723, 43,60130697561178]}";MONUMENT AUX COMBATTANTS;23;24;oui;2007;BD LAZARE CARNOT;CARNOT (BD LAZARE CARNOT);6;3105555132;Toulouse;31555
43,5995226236;1,44547250457;"{""type"": ""Point"", ""coordinates"": [1.445472504568114, 43,59952262363359]}";PLACE ROUAIX;25;17;oui;2007;RUE DES TOURNEURS;TOURNEURS (RUE DES TOURNEURS);1;3105558536;Toulouse;31555
43,6032696527;1,44550808373;"{""type"": ""Point"", ""coordinates"": [1.445508083729929, 43,60326965272048]}";POMME;3;19;oui;2007;RUE DE LA POMME;POMME (RUE DE LA POMME);62;3105556988;Toulouse;31555
43,5964570837;1,45092834302;"{""type"": ""Point"", ""coordinates"": [1.450928343024587, 43,596457083687454]}";JARDIN ROYAL;66;23;oui;2007;RUE DU HUIT MAI 1945;MAI 1945 (RUE DU HUIT MAI 1945);0;3105554272;Toulouse;31555
43,5926608273;1,44314720707;"{""type"": ""Point"", ""coordinates"": [1.443147207071471, 43,59266082730904]}";FEUGA;69;20;oui;2007;ALL PAUL FEUGA;FEUGA (ALL PAUL FEUGA);11;3105556620;Toulouse;31555
43,6149887523;1,43291370926;"{""type"": ""Point"", ""coordinates"": [1.432913709261129, 43,614988752329815]}";HOTEL DE POLICE;123;15;oui;2008;RUE DE CHAUSSAS;CHAUSSAS (RUE DE CHAUSSAS);1;3105551996;Toulouse;31555
43,6068755484;1,43072063276;"{""type"": ""Point"", ""coordinates"": [1.430720632758711, 43,60687554836759]}";LECLERC -  BARCELONE;85;20;oui;2008;BD DU MARECHAL LECLERC;LECLERC (BD DU MARECHAL LECLERC);2;3105555656;Toulouse;31555
43,6112623017;1,43807348918;"{""type"": ""Point"", ""coordinates"": [1.438073489175041, 43,61126230170934]}";LASCROSSES -  PLACE ARNAUD BERNARD;90;26;oui;2007;BD LASCROSSES;LASCROSSES (BD LASCROSSES);3B;3105555080;Toulouse;31555
43,6074477582;1,45425316475;"{""type"": ""Point"", ""coordinates"": [1.454253164751141, 43,60744775821943]}";PISCINE LEO LAGRANGE;63;22;oui;2008;RUE DES SEPT TROUBADOURS;TROUBADOURS (RUE DES SEPT TROUBADOURS);54;3105558224;Toulouse;31555
43,6086864874;1,43944808952;"{""type"": ""Point"", ""coordinates"": [1.439448089524624, 43,60868648743401]}";CHAINE;54;18;oui;2007;RUE DE LA CHAINE;CHAINE (RUE DE LA CHAINE);10;3105551844;Toulouse;31555
43,6073900298;1,43946241732;"{""type"": ""Point"", ""coordinates"": [1.43946241731691, 43,60739002981767]}";SALENQUES;31;17;oui;2007;RUE DES SALENQUES;SALENQUES (RUE DES SALENQUES);7;3105558100;Toulouse;31555
43,6086981693;1,43693343207;"{""type"": ""Point"", ""coordinates"": [1.436933432074838, 43,6086981692885]}";PLACE SAINT JULIEN;53;24;oui;2007;PL SAINT JULIEN;JULIEN (PL SAINT JULIEN);0;3105557864;Toulouse;31555
43,6115693201;1,43966733133;"{""type"": ""Point"", ""coordinates"": [1.439667331333625, 43,61156932006529]}";ARCOLE -  BALANCE;91;23;oui;2007;BD D ARCOLE;ARCOLE (BD D ARCOLE);48;3105550428;Toulouse;31555
43,6090485232;1,4426935083;"{""type"": ""Point"", ""coordinates"": [1.442693508298939, 43,60904852322663]}";SAINT SERNIN  -  MERLY;56;14;oui;2007;RUE MERLY;MERLY (RUE MERLY);1;3105555896;Toulouse;31555
43,6152867705;1,4428779309;"{""type"": ""Point"", ""coordinates"": [1.442877930903226, 43,61528677053115]}";MINIMES -  PASSERELLE;111;22;oui;2008;BD DES MINIMES;MINIMES (BD DES MINIMES);38B;3105555960;Toulouse;31555
43,5876387848;1,4598495052;"{""type"": ""Point"", ""coordinates"": [1.459849505196883, 43,587638784777816]}";PONT DES DEMOISELLES;98;20;oui;2008;ALL DES DEMOISELLES;DEMOISELLES (ALL DES DEMOISELLES);80;3105552584;Toulouse;31555
43,6090407853;1,44109967108;"{""type"": ""Point"", ""coordinates"": [1.44109967108436, 43,60904078525607]}";SAINT SERNIN -  GATIEN ARNOULT;55;13;oui;2007;RUE GATIEN ARNOULT;ARNOULT (RUE GATIEN ARNOULT);2;3105553780;Toulouse;31555
43,6032145022;1,44812935012;"{""type"": ""Point"", ""coordinates"": [1.448129350118927, 43,60321450224801]}";ESPACE SAINT GEORGES;8;24;oui;2007;RUE PAUL VIDAL;VIDAL (RUE PAUL VIDAL);19;3105556660;Toulouse;31555
43,6029216008;1,45172699109;"{""type"": ""Point"", ""coordinates"": [1.451726991089363, 43,60292160079692]}";CARNOT ROLAND;22;20;oui;2007;BD LAZARE CARNOT;CARNOT (BD LAZARE CARNOT);24;3105555132;Toulouse;31555
43,5978399233;1,45165488883;"{""type"": ""Point"", ""coordinates"": [1.451654888832913, 43,597839923335705]}";PALAIS NIEL;44;20;oui;2007;ALL FORAIN FRANCOIS VERDIER;VERDIER (ALL FORAIN FRANCOIS VERDIER);1;3105553396;Toulouse;31555
43,5943610511;1,44096279944;"{""type"": ""Point"", ""coordinates"": [1.440962799443163, 43,59436105112657]}";GARONNETTE;50;23;oui;2007;AV MAURICE HAURIOU;HAURIOU (AV MAURICE HAURIOU);1;3105555804;Toulouse;31555
43,6046027782;1,4404250849;"{""type"": ""Point"", ""coordinates"": [1.440425084895284, 43,604602778200636]}";PARGAMINIERES;12;23;oui;2007;RUE PARGAMINIERES;PARGAMINIERES (RUE PARGAMINIERES);66;3105556540;Toulouse;31555
43,5951394341;1,43254537051;"{""type"": ""Point"", ""coordinates"": [1.43254537051035, 43,59513943406873]}";FITTE -  CUGNAUX;72;18;oui;2007;ALL CHARLES DE FITTE;FITTE (ALL CHARLES DE FITTE);23;3105551920;Toulouse;31555
43,60104748;1,43413355696;"{""type"": ""Point"", ""coordinates"": [1.434133556962295, 43,601047479959306]}";PLACE LANGE;79;19;oui;2007;PL LANGE;LANGE (PL LANGE);1;3105554996;Toulouse;31555
43,5966227102;1,45560757524;"{""type"": ""Point"", ""coordinates"": [1.455607575241178, 43,59662271015096]}";SABATIER - PORT ST SAUVEUR;100;19;oui;2008;ALL PAUL SABATIER;SABATIER (ALL PAUL SABATIER);16;3105556644;Toulouse;31555
43,6045672253;1,45371722347;"{""type"": ""Point"", ""coordinates"": [1.453717223468109, 43,60456722531138]}";COLOMBETTE;40;17;oui;2008;RUE DE LA COLOMBETTE;COLOMBETTE (RUE DE LA COLOMBETTE);41;3105552192;Toulouse;31555
43,6126464527;1,44845740685;"{""type"": ""Point"", ""coordinates"": [1.448457406845115, 43,61264645270909]}";ROQUELAINE;60;21;oui;2008;PL ROQUELAINE;ROQUELAINE (PL ROQUELAINE);32;3105557600;Toulouse;31555
43,6106821255;1,44362084123;"{""type"": ""Point"", ""coordinates"": [1.443620841228352, 43,610682125468365]}";CONCORDE -  ARCOLE;58;25;oui;2007;RUE DE LA CONCORDE;CONCORDE (RUE DE LA CONCORDE);4;3105552256;Toulouse;31555
43,6134589665;1,43024323244;"{""type"": ""Point"", ""coordinates"": [1.430243232441204, 43,61345896650387]}";EMBOUCHURE -  HAEDENS;122;20;oui;2008;BD DE L EMBOUCHURE;EMBOUCHURE (BD DE L EMBOUCHURE);57;3105552952;Toulouse;31555
43,5857568086;1,44743391698;"{""type"": ""Point"", ""coordinates"": [1.447433916979174, 43,58575680858404]}";MAISON D'ARRET ST MICHEL;128;20;oui;2008;GRANDE-RUE SAINT MICHEL;MICHEL (GRANDE-RUE SAINT MICHEL);18B;3105557916;Toulouse;31555
43,5924441689;1,45792809523;"{""type"": ""Point"", ""coordinates"": [1.457928095229806, 43,5924441688938]}";BD MONTPLAISIR -  CANAL;114;20;oui;2008;BD MONPLAISIR;MONPLAISIR (BD MONPLAISIR);8;3105556016;Toulouse;31555
43,588182255;1,44644310148;"{""type"": ""Point"", ""coordinates"": [1.446443101484986, 43,588182254950354]}";ST MICHEL -  NOTRE DAME;116;15;oui;2008;GRANDE-RUE SAINT MICHEL;MICHEL (GRANDE-RUE SAINT MICHEL);50;3105557916;Toulouse;31555
43,5886263734;1,4506527457;"{""type"": ""Point"", ""coordinates"": [1.450652745695064, 43,588626373391854]}";PLACE DU BUSCA;118;17;oui;2008;PL DU BUSCA;BUSCA (PL DU BUSCA);2;3105551464;Toulouse;31555
43,5854214892;1,45301555148;"{""type"": ""Point"", ""coordinates"": [1.453015551482101, 43,585421489205885]}";PLACE RUSSEL -  BRANLY;112;18;oui;2008;ALL EDOUARD BRANLY;BRANLY (ALL EDOUARD BRANLY);47;3105552896;Toulouse;31555
43,5897092436;1,45595100736;"{""type"": ""Point"", ""coordinates"": [1.455951007358469, 43,589709243649324]}";DEMOISELLES - BEGUE;127;16;oui;2008;RUE BEGUE DAVID;DAVID (RUE BEGUE DAVID);1;3105550980;Toulouse;31555
43,5935151094;1,42999124573;"{""type"": ""Point"", ""coordinates"": [1.429991245731145, 43,59351510942759]}";SAINTE LUCIE;37;18;oui;2008;RUE SAINTE LUCIE;LUCIE (RUE SAINTE LUCIE);38;3105558040;Toulouse;31555
43,6159726386;1,42161129475;"{""type"": ""Point"", ""coordinates"": [1.421611294745665, 43,615972638565154]}";SUISSE LAUSANNE;144;20;oui;2008;BD DE SUISSE;SUISSE (BD DE SUISSE);62;3105558336;Toulouse;31555
43,6241333224;1,43848239491;"{""type"": ""Point"", ""coordinates"": [1.438482394908646, 43,6241333224149]}";THEATRE DES MAZADES;152;20;oui;2008;AV DES MAZADES;MAZADES (AV DES MAZADES);10;3105555848;Toulouse;31555
43,5837632989;1,44334213461;"{""type"": ""Point"", ""coordinates"": [1.443342134614241, 43,58376329889907]}";RECOLLETS;155;20;oui;2008;BD DES RECOLLETS;RECOLLETS (BD DES RECOLLETS);34;3105557344;Toulouse;31555
43,5786056992;1,45026091785;"{""type"": ""Point"", ""coordinates"": [1.450260917853405, 43,578605699167404]}";JULES JULIEN DEVIC;159;20;oui;2008;AV JULES JULIEN;JULIEN (AV JULES JULIEN);96;3105554816;Toulouse;31555
43,6265865348;1,45877424741;"{""type"": ""Point"", ""coordinates"": [1.458774247406833, 43,626586534821]}";BILA;168;15;oui;2008;PL BILA;BILA (PL BILA);1;3105551168;Toulouse;31555
43,6428719786;1,46110410312;"{""type"": ""Point"", ""coordinates"": [1.461104103118941, 43,642871978595664]}";RPT POINT LAFFORGUE;172;20;oui;2008;RPT DE L ABBE G. LAFFORGUE;LAFFORGUE (RPT DE L ABBE G. LAFFORGUE);0;3105550011;Toulouse;31555
43,6059615348;1,48174849528;"{""type"": ""Point"", ""coordinates"": [1.481748495284788, 43,605961534804706]}";CHAUBET;182;20;oui;2008;AV JEAN CHAUBET;CHAUBET (AV JEAN CHAUBET);158;3105554540;Toulouse;31555
43,5979952351;1,42016702494;"{""type"": ""Point"", ""coordinates"": [1.42016702493547, 43,5979952350674]}";BARRIERE DE BAYONNE;138;20;oui;2008;BRE DE BAYONNE;BAYONNE (BRE DE BAYONNE);2;3105550924;Toulouse;31555
43,584576424;1,41570681322;"{""type"": ""Point"", ""coordinates"": [1.415706813222305, 43,58457642404121]}";DESBALS MONT DORE;187;15;oui;2008;RUE HENRI DESBALS;DESBALS (RUE HENRI DESBALS);187;3105554140;Toulouse;31555
43,587777109;1,40955573438;"{""type"": ""Point"", ""coordinates"": [1.409555734375369, 43,58777710897651]}";ST SIMON PRADO;192;18;oui;2008;RTE DE SAINT SIMON;SIMON (RTE DE SAINT SIMON);355;3105557988;Toulouse;31555
43,594888486;1,4150828224;"{""type"": ""Point"", ""coordinates"": [1.415082822399101, 43,59488848596201]}";LOMBEZ PETITE VITESSE;193;20;oui;2008;AV DE LOMBEZ;LOMBEZ (AV DE LOMBEZ);59;3105555308;Toulouse;31555
43,6410709325;1,46647604377;"{""type"": ""Point"", ""coordinates"": [1.466476043769897, 43,64107093248602]}";ALBI PELET;171;20;oui;2008;RTE D ALBI;ALBI (RTE D ALBI);191;3105550124;Toulouse;31555
43,6152177959;1,46545891348;"{""type"": ""Point"", ""coordinates"": [1.46545891347541, 43,6152177958661]}";CRETES CHAUMIERES;212;17;oui;2008;RUE DE LA CHAUMIERE;CHAUMIERE (RUE DE LA CHAUMIERE);0;3105551989;Toulouse;31555
43,574571158;1,40213704128;"{""type"": ""Point"", ""coordinates"": [1.402137041282718, 43,574571157992764]}";TABAR UNIVERSITE;220;20;oui;2008;RUE UNIVERSITE DU MIRAIL;MIRAIL (RUE UNIVERSITE DU MIRAIL);3;3105558666;Toulouse;31555
43,5714904587;1,46269876701;"{""type"": ""Point"", ""coordinates"": [1.462698767010388, 43,57149045873423]}";IUT RANGUEIL;229;20;oui;2008;AV DE RANGUEIL;RANGUEIL (AV DE RANGUEIL);129;3105557268;Toulouse;31555
43,6355844097;1,46426701178;"{""type"": ""Point"", ""coordinates"": [1.464267011778976, 43,635584409709416]}";CROIX DAURADE BIBLIOTHEQUE;170;17;oui;2008;CHE DE NICOL;NICOL (CHE DE NICOL);164;3105556262;Toulouse;31555
43,5751086244;1,42423826873;"{""type"": ""Point"", ""coordinates"": [1.424238268731255, 43,575108624434435]}";ESPAGNE CHARPENTIER;241;20;oui;2008;RTE D ESPAGNE;ESPAGNE (RTE D ESPAGNE);57;3105553064;Toulouse;31555
43,5739197494;1,4839225676;"{""type"": ""Point"", ""coordinates"": [1.483922567599524, 43,57391974941301]}";GONIN;267;0;oui;2013;RUE CLAUDE GONIN;GONIN (RUE CLAUDE GONIN);;;Toulouse;31555
43,5736943966;1,41398810205;"{""type"": ""Point"", ""coordinates"": [1.413988102046245, 43,57369439662643]}";TOURAINE;266;0;oui;2013;RUE DE LA TOURAINE;TOURAINE (RUE DE LA TOURAINE);;;Toulouse;31555
43,6065621488;1,41414761265;"{""type"": ""Point"", ""coordinates"": [1.414147612649868, 43,606562148823215]}";WAGNER;282;0;oui;2013;BD RICHARD WAGNER;WAGNER (BD RICHARD WAGNER);;3105557468;Toulouse;31555
43,5837779038;1,40641531228;"{""type"": ""Point"", ""coordinates"": [1.40641531228392, 43,58377790375025]}";PLACE CAMPAN;254;0;oui;2013;PL LOUIS CAMPAN;CAMPAN (PL LOUIS CAMPAN);;;Toulouse;31555
43,6016309278;1,45608133929;"{""type"": ""Point"", ""coordinates"": [1.456081339293213, 43,60163092783517]}";DAURIAC - ESCANDE;42;23;oui;2007;BD PR LEOPOLD ESCANDE;ESCANDE (BD PR LEOPOLD ESCANDE);3;3105557151;Toulouse;31555
43,6040791182;1,45015368757;"{""type"": ""Point"", ""coordinates"": [1.450153687570846, 43,604079118183876]}";CARNOT - LABEDA;21;22;oui;2007;BD LAZARE CARNOT;CARNOT (BD LAZARE CARNOT);63;3105555132;Toulouse;31555
43,5998933106;1,42946748826;"{""type"": ""Point"", ""coordinates"": [1.42946748826004, 43,59989331056802]}";JARDIN RAYMOND VI;81;33;oui;2008;ALL CHARLES DE FITTE;FITTE (ALL CHARLES DE FITTE);76;3105551920;Toulouse;31555
43,6050782557;1,43731413294;"{""type"": ""Point"", ""coordinates"": [1.437314132940159, 43,60507825565072]}";VALADE;29;19;oui;2007;RUE VALADE;VALADE (RUE VALADE);31;3105558676;Toulouse;31555
43,6103968126;1,44308450276;"{""type"": ""Point"", ""coordinates"": [1.443084502763829, 43,61039681263805]}";MERLY -  ARCOLE;57;15;oui;2007;RUE MERLY;MERLY (RUE MERLY);15;3105555896;Toulouse;31555
43,6046781018;1,44952828209;"{""type"": ""Point"", ""coordinates"": [1.449528282093472, 43,60467810181884]}";CARNOT -  TROIS JOURNEES;20;27;oui;2007;BD LAZARE CARNOT;CARNOT (BD LAZARE CARNOT);69;3105555132;Toulouse;31555
43,5974175601;1,44527793083;"{""type"": ""Point"", ""coordinates"": [1.445277930834497, 43,59741756009549]}";PLACE DES CARMES;46;20;oui;2007;PL DES CARMES;CARMES (PL DES CARMES);37;3105551708;Toulouse;31555
43,6078583896;1,44666624289;"{""type"": ""Point"", ""coordinates"": [1.446666242890131, 43,60785838956709]}";STRASBOURG  -  BAYARD;16;21;oui;2007;BD DE STRASBOURG;STRASBOURG (BD DE STRASBOURG);32;3105558328;Toulouse;31555
43,5963147574;1,43214373959;"{""type"": ""Point"", ""coordinates"": [1.432143739590793, 43,5963147573693]}";FITTE - TEINTURIERS;73;17;oui;2007;ALL CHARLES DE FITTE;FITTE (ALL CHARLES DE FITTE);40;3105551920;Toulouse;31555
43,5996760522;1,42937135576;"{""type"": ""Point"", ""coordinates"": [1.429371355762313, 43,59967605222173]}";FITTE - VARSI;80;23;oui;2007;ALL CHARLES DE FITTE;FITTE (ALL CHARLES DE FITTE);89B;3105551920;Toulouse;31555
43,594306254;1,44882209496;"{""type"": ""Point"", ""coordinates"": [1.448822094957896, 43,59430625400039]}";MUSEUM;67;28;oui;2008;ALL JULES GUESDE;GUESDE (ALL JULES GUESDE);35;3105554812;Toulouse;31555
43,5985644574;1,43505005322;"{""type"": ""Point"", ""coordinates"": [1.435050053221433, 43,598564457363416]}";REPUBLIQUE - PLACE OLIVIER;76;20;oui;2008;RUE DE LA REPUBLIQUE;REPUBLIQUE (RUE DE LA REPUBLIQUE);34;3105557428;Toulouse;31555
43,6027020669;1,45444839888;"{""type"": ""Point"", ""coordinates"": [1.454448398879915, 43,602702066894025]}";ST AUBIN  - CAMICHEL;41;20;oui;2008;RUE CHARLES CAMICHEL;CAMICHEL (RUE CHARLES CAMICHEL);1;3105551560;Toulouse;31555
43,607436201;1,44465392586;"{""type"": ""Point"", ""coordinates"": [1.444653925856657, 43,60743620096081]}";PERIGORD;14;20;oui;2007;RUE DE PERIGORD;PERIGORD (RUE DE PERIGORD);26;3105556756;Toulouse;31555
43,6061363153;1,44135064802;"{""type"": ""Point"", ""coordinates"": [1.441350648016484, 43,60613631532513]}";LOIS -  ESQUILE;13;15;oui;2007;RUE DE L ESQUILE;ESQUILE (RUE DE L ESQUILE);1;3105553080;Toulouse;31555
43,6145965267;1,44353763512;"{""type"": ""Point"", ""coordinates"": [1.4435376351212, 43,61459652667697]}";PRINTEMPS - INGRES;93;15;oui;2008;RUE DU PRINTEMPS;PRINTEMPS (RUE DU PRINTEMPS);57;3105557140;Toulouse;31555
43,6131507848;1,44133703624;"{""type"": ""Point"", ""coordinates"": [1.441337036242309, 43,613150784824995]}";CHALETS;92;13;oui;2008;RUE DES CHALETS;CHALETS (RUE DES CHALETS);31;3105551852;Toulouse;31555
43,6138768623;1,45148809233;"{""type"": ""Point"", ""coordinates"": [1.45148809232697, 43,61387686232048]}";SEMARD -  GARE ROUTIERE;94;20;oui;2008;BD PIERRE SEMARD;SEMARD (BD PIERRE SEMARD);73;3105556916;Toulouse;31555
43,6041843296;1,44540497476;"{""type"": ""Point"", ""coordinates"": [1.445404974755601, 43,60418432964568]}";POIDS DE L'HUILE;1;20;oui;2007;RUE DU POIDS DE L HUILE;HUILE (RUE DU POIDS DE L HUILE);12;3105556972;Toulouse;31555
43,5932599844;1,43506262787;"{""type"": ""Point"", ""coordinates"": [1.435062627873839, 43,59325998440422]}";COURS DILLON;71;24;oui;2008;RUE LAGANNE;LAGANNE (RUE LAGANNE);3;3105554948;Toulouse;31555
43,6056186702;1,43449255914;"{""type"": ""Point"", ""coordinates"": [1.434492559140711, 43,605618670187695]}";DUPORTAL - CANAL DE BRIENNE;51;18;oui;2007;BD ARMAND DUPORTAL;DUPORTAL (BD ARMAND DUPORTAL);1;3105550492;Toulouse;31555
43,6229744522;1,43445042868;"{""type"": ""Point"", ""coordinates"": [1.434450428675428, 43,62297445218862]}";MINIMES - BAQUE;132;15;oui;2008;AV DES MINIMES;MINIMES (AV DES MINIMES);101;3105555956;Toulouse;31555
43,5899454367;1,43219351663;"{""type"": ""Point"", ""coordinates"": [1.432193516632345, 43,58994543667642]}";MURET -  BARTHERE;104;20;oui;2008;AV DE MURET;MURET (AV DE MURET);223B;3105556160;Toulouse;31555
43,602722991;1,44203223448;"{""type"": ""Point"", ""coordinates"": [1.442032234475964, 43,60272299104447]}";SAINTE URSULE;4;17;oui;2008;RUE SAINTE URSULE;URSULE (RUE SAINTE URSULE);19;3105558076;Toulouse;31555
43,6020011314;1,41484301588;"{""type"": ""Point"", ""coordinates"": [1.414843015881682, 43,60200113141423]}";FONTAINES MILHES;136;20;oui;2008;RUE DES FONTAINES;FONTAINES (RUE DES FONTAINES);190;3105553380;Toulouse;31555
43,5917190986;1,41863010582;"{""type"": ""Point"", ""coordinates"": [1.418630105816818, 43,59171909860864]}";EMILE MALE;140;18;oui;2008;PL EMILE MALE;MALE (PL EMILE MALE);4;3105552988;Toulouse;31555
43,5878725626;1,42458262997;"{""type"": ""Point"", ""coordinates"": [1.424582629969231, 43,58787256261302]}";DEODAT DE SEVERAC;142;20;oui;2008;BD DEODAT DE SEVERAC;SEVERAC (BD DEODAT DE SEVERAC);52;3105552600;Toulouse;31555
43,58734725;1,41790377355;"{""type"": ""Point"", ""coordinates"": [1.417903773548506, 43,58734725000378]}";METRO FONTAINE LESTANG;141;20;oui;2008;RUE HENRI DESBALS;DESBALS (RUE HENRI DESBALS);239;3105554140;Toulouse;31555
43,5816721765;1,41363575465;"{""type"": ""Point"", ""coordinates"": [1.413635754648575, 43,581672176477184]}";DESBALS SAINTONGE;143;20;oui;2008;RUE HENRI DESBALS;DESBALS (RUE HENRI DESBALS);145;3105554140;Toulouse;31555
43,613895946;1,42501290895;"{""type"": ""Point"", ""coordinates"": [1.425012908949378, 43,61389594596129]}";GOUNOD GARROS;145;20;oui;2008;RUE CHARLES GOUNOD;GOUNOD (RUE CHARLES GOUNOD);27;3105551940;Toulouse;31555
43,6156026209;1,4283637421;"{""type"": ""Point"", ""coordinates"": [1.428363742097792, 43,61560262093075]}";SANG DE SERP DAGNAUX;146;20;oui;2008;CHE DU SANG DE SERP;SERP (CHE DU SANG DE SERP);57;3105558132;Toulouse;31555
43,6246222672;1,44311909736;"{""type"": ""Point"", ""coordinates"": [1.443119097360138, 43,62462226723601]}";CURIE NEGRENEYS;151;20;oui;2008;BD PIERRE ET MARIE CURIE;CURIE (BD PIERRE ET MARIE CURIE);27;3105556880;Toulouse;31555
43,6153965493;1,4485815417;"{""type"": ""Point"", ""coordinates"": [1.448581541702579, 43,615396549302375]}";RAISIN;149;22;oui;2008;CHE DU RAISIN;RAISIN (CHE DU RAISIN);2;3105557248;Toulouse;31555
43,5899290295;1,44176111023;"{""type"": ""Point"", ""coordinates"": [1.441761110229868, 43,58992902949847]}";HOTEL DE REGION;154;20;oui;2008;RUE DES GALLOIS;GALLOIS (RUE DES GALLOIS);4;3105553688;Toulouse;31555
43,579766766;1,46001451743;"{""type"": ""Point"", ""coordinates"": [1.460014517430584, 43,57976676598264]}";METRO SAOUZELONG;164;20;oui;2008;AV ALBERT BEDOUCE;BEDOUCE (AV ALBERT BEDOUCE);77;3105550112;Toulouse;31555
43,5815724716;1,46242017597;"{""type"": ""Point"", ""coordinates"": [1.462420175965881, 43,58157247160119]}";BEDOUCE CANAL DU MIDI;163;20;oui;2008;AV ALBERT BEDOUCE;BEDOUCE (AV ALBERT BEDOUCE);115;3105550112;Toulouse;31555
43,6332180496;1,45073775469;"{""type"": ""Point"", ""coordinates"": [1.450737754690361, 43,63321804962261]}";BOURGES MAUNOURY SEGLA;173;20;oui;2008;AV MAURICE BOURGES MAUNOURY;MAUNOURY (AV MAURICE BOURGES MAUNOURY);25;3105555789;Toulouse;31555
43,5929644322;1,44530594724;"{""type"": ""Point"", ""coordinates"": [1.445305947237022, 43,592964432159526]}";GUESDE TRENTE SIX  PONTS;68;18;oui;2008;ALL JULES GUESDE;GUESDE (ALL JULES GUESDE);3;3105554812;Toulouse;31555
43,5914894261;1,47001711416;"{""type"": ""Point"", ""coordinates"": [1.47001711415584, 43,59148942605436]}";DELTOUR RIEUX;199;20;oui;2008;BD DELTOUR;DELTOUR (BD DELTOUR);4;3105552580;Toulouse;31555
43,5797488901;1,48083180346;"{""type"": ""Point"", ""coordinates"": [1.480831803463375, 43,57974889009352]}";POTEZ SAINT EXUPERY;201;20;oui;2008;AV ANTOINE DE ST EXUPERY;EXUPERY (AV ANTOINE DE ST EXUPERY);256;3105557772;Toulouse;31555
43,5835433259;1,47006075478;"{""type"": ""Point"", ""coordinates"": [1.470060754778708, 43,583543325905815]}";PETIT PRINCE SAINT EXUPERY;203;20;oui;2008;AV DU PETIT PRINCE;PRINCE (AV DU PETIT PRINCE);2;3105556790;Toulouse;31555
43,5911810295;1,48008857927;"{""type"": ""Point"", ""coordinates"": [1.480088579269353, 43,591181029450176]}";LIMAYRAC DARASSE;208;18;oui;2008;ALL DE LIMAYRAC;LIMAYRAC (ALL DE LIMAYRAC);;3105555273;Toulouse;31555
43,6238241277;1,47593975583;"{""type"": ""Point"", ""coordinates"": [1.475939755828785, 43,62382412766752]}";METRO ARGOULETS;215;20;oui;2008;RUE DE GAILLAC;GAILLAC (RUE DE GAILLAC);8;3105553668;Toulouse;31555
43,6145656922;1,41121089961;"{""type"": ""Point"", ""coordinates"": [1.411210899614308, 43,614565692208465]}";PUCCINI BLAGNAC;219;18;oui;2008;RUE GIACOMO PUCCINI;PUCCINI (RUE GIACOMO PUCCINI);35;3105553888;Toulouse;31555
43,6276650567;1,46194309598;"{""type"": ""Point"", ""coordinates"": [1.461943095984363, 43,62766505665903]}";AMOUROUX SAINTE AUGUSTINE;218;18;oui;2008;CHE AMOUROUX;AMOUROUX (CHE AMOUROUX);24B;3105550260;Toulouse;31555
43,5741765889;1,4624092455;"{""type"": ""Point"", ""coordinates"": [1.462409245503499, 43,57417658891]}";METRO RANGUEIL;166;20;oui;2008;RUE EMILE GUYOU;GUYOU (RUE EMILE GUYOU);0;3105552978;Toulouse;31555
43,6326930124;1,46315260711;"{""type"": ""Point"", ""coordinates"": [1.463152607112551, 43,63269301244163]}";ALBI AVRANCHES;169;18;oui;2008;RTE D ALBI;ALBI (RTE D ALBI);78;3105550124;Toulouse;31555
43,633489619;1,43545887848;"{""type"": ""Point"", ""coordinates"": [1.43545887848473, 43,633489618953654]}";METRO LA VACHE;235;20;oui;2008;RUE PAUL VERLAINE;VERLAINE (RUE PAUL VERLAINE);8;3105556656;Toulouse;31555
43,5769775331;1,46949669045;"{""type"": ""Point"", ""coordinates"": [1.469496690451622, 43,576977533104696]}";LESPINET HERBETTES;239;18;oui;2008;AV DE LESPINET;LESPINET (AV DE LESPINET);127;3105555196;Toulouse;31555
43,6327222482;1,431748883;"{""type"": ""Point"", ""coordinates"": [1.431748883002921, 43,6327222482392]}";ETATS UNIS FERRY;243;18;oui;2008;AV DES ETATS UNIS;UNIS (AV DES ETATS UNIS);96;3105553104;Toulouse;31555
43,6038189154;1,42008058366;"{""type"": ""Point"", ""coordinates"": [1.420080583662779, 43,6038189153644]}";WAGNER BRUNHES;246;20;oui;2008;BD RICHARD WAGNER;WAGNER (BD RICHARD WAGNER);29;3105557468;Toulouse;31555
43,6143142254;1,46176460065;"{""type"": ""Point"", ""coordinates"": [1.461764600651485, 43,614314225371345]}";JOLIMONT;251;20;oui;2008;AV LEON BLUM;BLUM (AV LEON BLUM);26;3105555152;Toulouse;31555
43,633754863;1,43754039946;"{""type"": ""Point"", ""coordinates"": [1.43754039945689, 43,63375486295674]}";RAIMBAUD COLETTE;242;18;oui;2008;RUE ARTHUR RIMBAUD;RIMBAUD (RUE ARTHUR RIMBAUD);4;3105550546;Toulouse;31555
43,5702108156;1,47340687839;"{""type"": ""Point"", ""coordinates"": [1.473406878391216, 43,570210815645794]}";BELIN ONERA;225;20;oui;2008;AV EDOUARD BELIN;BELIN (AV EDOUARD BELIN);4;3105552894;Toulouse;31555
43,6268608274;1,44399694176;"{""type"": ""Point"", ""coordinates"": [1.44399694175799, 43,62686082738]}";NEGRENEYS;252;20;oui;2008;RUE DE NEGRENEYS;NEGRENEYS (RUE DE NEGRENEYS);161;3105556236;Toulouse;31555
43,5932005768;1,42442781976;"{""type"": ""Point"", ""coordinates"": [1.424427819757109, 43,59320057683047]}";CUGNAUX GRAVETTE;183;18;oui;2008;RUE DE CUGNAUX;CUGNAUX (RUE DE CUGNAUX);66;3105552424;Toulouse;31555
43,6183476297;1,43671552912;"{""type"": ""Point"", ""coordinates"": [1.436715529124514, 43,61834762967824]}";MINIMES - SAINTE FAMILLE;124;20;oui;2008;AV DES MINIMES;MINIMES (AV DES MINIMES);22;3105555956;Toulouse;31555
43,6449599537;1,43379595733;"{""type"": ""Point"", ""coordinates"": [1.433795957328103, 43,64495995369239]}";DUCLOS;260;18;oui;2013;RUE LEONCE DUCLOS;DUCLOS (RUE LEONCE DUCLOS);;;Toulouse;31555
43,6425484133;1,45623608609;"{""type"": ""Point"", ""coordinates"": [1.456236086090691, 43,64254841330939]}";BORDEROUGE;262;18;oui;2013;CHE DE BORDEROUGE;BORDEROUGE (CHE DE BORDEROUGE);;;Toulouse;31555
43,6354376051;1,47283321496;"{""type"": ""Point"", ""coordinates"": [1.472833214959304, 43,635437605131095]}";VASSEUR;272;18;oui;2014;RUE ANDRE VASSEUR;VASSEUR (RUE ANDRE VASSEUR);;;Toulouse;31555
43,5739078923;1,44855240063;"{""type"": ""Point"", ""coordinates"": [1.448552400630467, 43,573907892310686]}";CHARBONNIÃRE;280;0;oui;2013;RUE DE LA CHARBONNIERE;CHARBONNIERE (RUE DE LA CHARBONNIERE);;;Toulouse;31555
43,5769304769;1,44007581963;"{""type"": ""Point"", ""coordinates"": [1.440075819632099, 43,57693047688496]}";SELLIER;255;0;oui;2013;ALL HENRI SELLIER;SELLIER (ALL HENRI SELLIER);;;Toulouse;31555
43,608504264;1,39719406403;"{""type"": ""Point"", ""coordinates"": [1.397194064033985, 43,60850426397538]}";BAYLAC;268;0;oui;2014;AV DES ARENES ROMAINES;ROMAINES (AV DES ARENES ROMAINES);;3105550448;Toulouse;31555
43,6141999501;1,39706730938;"{""type"": ""Point"", ""coordinates"": [1.397067309380495, 43,61419995008486]}";ARÃNES ROMAINES;278;0;oui;2013;AV DES ARENES ROMAINES;ROMAINES (AV DES ARENES ROMAINES);;3105550448;Toulouse;31555
43,5990450968;1,44039891999;"{""type"": ""Point"", ""coordinates"": [1.440398919988634, 43,59904509680653]}";QUAI DE TOUNIS;27;22;oui;2007;QU DE TOUNIS;TOUNIS (QU DE TOUNIS);122B;3105558520;Toulouse;31555
43,5946166239;1,45588906944;"{""type"": ""Point"", ""coordinates"": [1.45588906943758, 43,59461662385537]}";CAPTAINERIE PORT  - ST SAUVEUR;101;20;oui;2008;PORT SAINT SAUVEUR;SAUVEUR (PORT SAINT SAUVEUR);5;3105558066;Toulouse;31555
43,6001761009;1,45479063777;"{""type"": ""Point"", ""coordinates"": [1.454790637766699, 43,60017610094406]}";PLACE DUPUY;43;22;oui;2007;PL DOMINIQUE MARTIN DUPUY;DUPUY (PL DOMINIQUE MARTIN DUPUY);14;3105552828;Toulouse;31555
43,5984630863;1,43669274179;"{""type"": ""Point"", ""coordinates"": [1.436692741794254, 43,59846308625473]}";CHATEAU D EAU;75;21;oui;2007;PL LAGANNE;LAGANNE (PL LAGANNE);12;3105554944;Toulouse;31555
43,61526002;1,43505526164;"{""type"": ""Point"", ""coordinates"": [1.435055261643536, 43,61526001995342]}";HOTEL DE DEPARTEMENT;109;20;oui;2008;BD DE LA MARQUETTE;MARQUETTE (BD DE LA MARQUETTE);1;3105555716;Toulouse;31555
43,6056547178;1,4282472078;"{""type"": ""Point"", ""coordinates"": [1.428247207799656, 43,60565471777646]}";SEJOURNE  -  AMIDONNIERS;83;15;oui;2007;AV PAUL SEJOURNE;SEJOURNE (AV PAUL SEJOURNE);2;3105556648;Toulouse;31555
43,6123826201;1,45141348963;"{""type"": ""Point"", ""coordinates"": [1.451413489629843, 43,61238262009429]}";RAYMOND IV;97;20;oui;2007;RUE RAYMOND IV;RAYMOND IV (RUE RAYMOND IV);0;3105557320;Toulouse;31555
43,6058190693;1,4528355993;"{""type"": ""Point"", ""coordinates"": [1.452835599299553, 43,60581906925307]}";PLACE DE DAMLOUP;39;19;oui;2008;PL DE DAMLOUP;DAMLOUP (PL DE DAMLOUP);2;3105552480;Toulouse;31555
43,6086098111;1,44360465962;"{""type"": ""Point"", ""coordinates"": [1.44360465961975, 43,608609811148234]}";BERALDI;33;15;oui;2007;RUE HENRI BERALDI;BERALDI (RUE HENRI BERALDI);11;3105554120;Toulouse;31555
43,608573608;1,43476567048;"{""type"": ""Point"", ""coordinates"": [1.4347656704845, 43,60857360797355]}";DUPORTAL -  CITE ADMINISTRATIVE;52;21;oui;2007;BD ARMAND DUPORTAL;DUPORTAL (BD ARMAND DUPORTAL);41;3105550492;Toulouse;31555
43,6057674207;1,4464886477;"{""type"": ""Point"", ""coordinates"": [1.446488647697948, 43,605767420725186]}";PLACE VICTOR HUGO;7;26;oui;2007;RUE DU REMPART VILLENEUVE;VILLENEUVE (RUE DU REMPART VILLENEUVE);6;3105557388;Toulouse;31555
43,6064117811;1,44774013984;"{""type"": ""Point"", ""coordinates"": [1.44774013983515, 43,606411781131335]}";STRASBOURG  - SARDANE;17;25;oui;2007;BD DE STRASBOURG;STRASBOURG (BD DE STRASBOURG);7;3105558328;Toulouse;31555
43,5947749897;1,44399954168;"{""type"": ""Point"", ""coordinates"": [1.443999541683934, 43,594774989725025]}";PLACE DU SALIN;48;22;oui;2007;PL DU SALIN;SALIN (PL DU SALIN);18;3105558116;Toulouse;31555
43,597989924;1,44291181171;"{""type"": ""Point"", ""coordinates"": [1.442911811706517, 43,597989923996245]}";DALBADE - DE GORSSE;26;21;oui;2007;RUE HENRY DE GORSSE;GORSSE (RUE HENRY DE GORSSE);9;3105554132;Toulouse;31555
43,6096633916;1,44695335972;"{""type"": ""Point"", ""coordinates"": [1.446953359720141, 43,60966339164288]}";PLACE JEANNE D'ARC;35;20;oui;2007;RUE RAYMOND IV;RAYMOND IV (RUE RAYMOND IV);1;3105557320;Toulouse;31555
43,6095901686;1,43040129116;"{""type"": ""Point"", ""coordinates"": [1.430401291164654, 43,609590168556785]}";SEBASTOPOL - LASCROSSES;107;25;oui;2008;RUE DE SEBASTOPOL;SEBASTOPOL (RUE DE SEBASTOPOL);1;3105558204;Toulouse;31555
43,609835701;1,45528002548;"{""type"": ""Point"", ""coordinates"": [1.45528002548038, 43,60983570103118]}";MEDIATHEQUE;96;25;oui;2008;ALL JACQUES CHABAN DELMAS;DELMAS (ALL JACQUES CHABAN DELMAS);1;3105554399;Toulouse;31555
43,6103128919;1,42043916063;"{""type"": ""Point"", ""coordinates"": [1.420439160630069, 43,610312891938946]}";BARCELONE - PONT JUMEAUX;120;20;oui;2008;ALL DE BARCELONE;BARCELONE (ALL DE BARCELONE);152;3105550840;Toulouse;31555
43,607481509;1,45171127294;"{""type"": ""Point"", ""coordinates"": [1.451711272939377, 43,60748150901674]}";JAURES -  BACHELIER;38;20;oui;2008;ALL JEAN JAURES;JAURES (ALL JEAN JAURES);60;3105554600;Toulouse;31555
43,5967115568;1,42430427458;"{""type"": ""Point"", ""coordinates"": [1.42430427458323, 43,59671155679381]}";BILLIERES -  PATTE D OIE;130;16;oui;2008;AV ETIENNE BILLIERES;BILLIERES (AV ETIENNE BILLIERES);66T;3105553116;Toulouse;31555
43,6126252093;1,43825513213;"{""type"": ""Point"", ""coordinates"": [1.438255132127178, 43,61262520927727]}";SERRES -  ARNAUD BERNARD;121;20;oui;2008;AV HONORE SERRES;SERRES (AV HONORE SERRES);33;3105554256;Toulouse;31555
43,5923261212;1,44907945571;"{""type"": ""Point"", ""coordinates"": [1.449079455709267, 43,59232612120577]}";MUSEUM  -  DUMERIL;113;20;oui;2008;RUE ALFRED DUMERIL;DUMERIL (RUE ALFRED DUMERIL);58;3105550184;Toulouse;31555
43,593531204;1,4530424939;"{""type"": ""Point"", ""coordinates"": [1.453042493901773, 43,5935312039993]}";MISTRAL -  FLEURANCE;102;20;oui;2008;ALL FREDERIC MISTRAL;MISTRAL (ALL FREDERIC MISTRAL);18;3105553584;Toulouse;31555
43,5995803749;1,44140072593;"{""type"": ""Point"", ""coordinates"": [1.441400725930873, 43,59958037486257]}";COUTELIERS -  METZ;49;18;oui;2008;RUE DES COUTELIERS;COUTELIERS (RUE DES COUTELIERS);52;3105552372;Toulouse;31555
43,6142277885;1,43804326825;"{""type"": ""Point"", ""coordinates"": [1.438043268254825, 43,61422778852718]}";SERRES -  CABANEL;110;18;oui;2008;RUE ALEXANDRE CABANEL;CABANEL (RUE ALEXANDRE CABANEL);16;3105550148;Toulouse;31555
43,6023178414;1,4255371289;"{""type"": ""Point"", ""coordinates"": [1.425537128903929, 43,602317841402375]}";THEATRE GARONNE;95;20;oui;2008;AV DU CHATEAU D EAU;EAU (AV DU CHATEAU D EAU);4;3105551976;Toulouse;31555
43,6197021537;1,42917415177;"{""type"": ""Point"", ""coordinates"": [1.42917415177202, 43,61970215374247]}";CHAUSSAS DAUDET;147;19;oui;2008;RUE DE CHAUSSAS;CHAUSSAS (RUE DE CHAUSSAS);96;3105551996;Toulouse;31555
43,5795579868;1,44194779741;"{""type"": ""Point"", ""coordinates"": [1.441947797406417, 43,57955798676726]}";METRO EMPALOT;156;20;oui;2008;AV JEAN MOULIN;MOULIN (AV JEAN MOULIN);38;3105554616;Toulouse;31555
43,6241068116;1,45467901616;"{""type"": ""Point"", ""coordinates"": [1.454679016163325, 43,62410681155046]}";LAPUJADE FLANDRES;167;18;oui;2008;CHE DE LAPUJADE;LAPUJADE (CHE DE LAPUJADE);98;3105555028;Toulouse;31555
43,6113246725;1,45679944042;"{""type"": ""Point"", ""coordinates"": [1.456799440423854, 43,6113246724994]}";LEDUC;5;19;oui;2008;RUE RENE LEDUC;LEDUC (RUE RENE LEDUC);5;3105557413;Toulouse;31555
43,6068412867;1,45804987003;"{""type"": ""Point"", ""coordinates"": [1.458049870025055, 43,60684128666968]}";GENERAL COMPANS;176;18;oui;2008;RUE DU GEN JEAN COMPANS;COMPANS (RUE DU GEN JEAN COMPANS);1;3105552250;Toulouse;31555
43,6193116595;1,46872867952;"{""type"": ""Point"", ""coordinates"": [1.468728679515408, 43,619311659537054]}";PLACE DE LA ROSERAIE;178;20;oui;2008;AV YVES BRUNAUD;BRUNAUD (AV YVES BRUNAUD);98;3105558972;Toulouse;31555
43,5792466894;1,41089487525;"{""type"": ""Point"", ""coordinates"": [1.410894875248437, 43,57924668943898]}";DESBALS BACHAGA BOUALAM;186;18;oui;2008;IMP DU BACHAGA BOUALAM;BOUALAM (IMP DU BACHAGA BOUALAM);1;3105550793;Toulouse;31555
43,5815292436;1,42546059825;"{""type"": ""Point"", ""coordinates"": [1.425460598245341, 43,5815292435525]}";MURET BOUTINON;189;20;oui;2008;AV DE MURET;MURET (AV DE MURET);44;3105556160;Toulouse;31555
43,5773029258;1,42399290177;"{""type"": ""Point"", ""coordinates"": [1.42399290177347, 43,57730292582678]}";OUSTALOUS;190;20;oui;2008;RTE D ESPAGNE;ESPAGNE (RTE D ESPAGNE);39;3105553064;Toulouse;31555
43,5900181364;1,41520209839;"{""type"": ""Point"", ""coordinates"": [1.415202098393429, 43,59001813639121]}";ST SIMON QUATORZE JUILLET;191;20;oui;2008;RTE DE SAINT SIMON;SIMON (RTE DE SAINT SIMON);395;3105557988;Toulouse;31555
43,6018357422;1,45801583566;"{""type"": ""Point"", ""coordinates"": [1.458015835662061, 43,601835742198325]}";GOUJON PUJOL;196;20;oui;2008;RUE JEAN GOUJON;GOUJON (RUE JEAN GOUJON);10;3105554584;Toulouse;31555
43,6003012005;1,46404891278;"{""type"": ""Point"", ""coordinates"": [1.464048912783217, 43,60030120049839]}";CASERNE PERIGNON;197;20;oui;2008;AV LOUIS BLERIOT;BLERIOT (AV LOUIS BLERIOT);6;3105555360;Toulouse;31555
43,5895508485;1,4788863535;"{""type"": ""Point"", ""coordinates"": [1.478886353501615, 43,58955084853302]}";BAROUX DARASSE;209;17;oui;2008;AV LUCIEN BAROUX;BAROUX (AV LUCIEN BAROUX);4;3105555446;Toulouse;31555
43,6227619018;1,47404258891;"{""type"": ""Point"", ""coordinates"": [1.474042588907889, 43,622761901801866]}";ARGOULETS HOUDON;216;18;oui;2008;RUE JEAN HOUDON;HOUDON (RUE JEAN HOUDON);3;3105554592;Toulouse;31555
43,6297737163;1,46654721082;"{""type"": ""Point"", ""coordinates"": [1.466547210819632, 43,62977371631536]}";AMOUROUX SAINT TROPEZ;217;18;oui;2008;CHE AMOUROUX;AMOUROUX (CHE AMOUROUX);42;3105550260;Toulouse;31555
43,5764436949;1,4066635857;"{""type"": ""Point"", ""coordinates"": [1.406663585698634, 43,576443694878556]}";VAUQUELIN;221;20;oui;2008;RUE NICOLAS L VAUQUELIN;VAUQUELIN (RUE NICOLAS L VAUQUELIN);85;3105556267;Toulouse;31555
43,6041619424;1,40726460666;"{""type"": ""Point"", ""coordinates"": [1.407264606659487, 43,60416194236176]}";FONTAINES CASSELARDIT;226;17;oui;2008;RUE DES FONTAINES;FONTAINES (RUE DES FONTAINES);292;3105553380;Toulouse;31555
43,5665194702;1,45866363266;"{""type"": ""Point"", ""coordinates"": [1.458663632657027, 43,566519470178626]}";NARBONNE SAHUQUE;233;20;oui;2008;RTE DE NARBONNE;NARBONNE (RTE DE NARBONNE);105;3105556196;Toulouse;31555
43,5673543907;1,46778361536;"{""type"": ""Point"", ""coordinates"": [1.467783615355583, 43,56735439073572]}";RANGUEIL TRIPODE B;230;20;oui;2008;AV DE RANGUEIL;RANGUEIL (AV DE RANGUEIL);141;3105557268;Toulouse;31555
43,6357875478;1,44383583371;"{""type"": ""Point"", ""coordinates"": [1.443835833706497, 43,63578754782938]}";RENAN VITRY;244;18;oui;2008;RUE ERNEST RENAN;RENAN (RUE ERNEST RENAN);93;3105553044;Toulouse;31555
43,5998396217;1,41509868694;"{""type"": ""Point"", ""coordinates"": [1.415098686940512, 43,59983962167576]}";GRANDE BRETAGNE BADIOU;245;20;oui;2008;AV DE GRANDE BRETAGNE;BRETAGNE (AV DE GRANDE BRETAGNE);103B;3105553984;Toulouse;31555
43,6256234436;1,43967698797;"{""type"": ""Point"", ""coordinates"": [1.439676987970639, 43,62562344360243]}";CURIE CAMPISTRON;150;20;oui;2008;BD PIERRE ET MARIE CURIE;CURIE (BD PIERRE ET MARIE CURIE);88;3105556880;Toulouse;31555
43,6305222262;1,43234645774;"{""type"": ""Point"", ""coordinates"": [1.432346457738118, 43,630522226176154]}";ETATS UNIS  CHARLAS;253;18;oui;2008;AV DES ETATS UNIS;UNIS (AV DES ETATS UNIS);75;3105553104;Toulouse;31555
43,5630766724;1,4757812522;"{""type"": ""Point"", ""coordinates"": [1.475781252201485, 43,5630766723839]}";CESR;222;20;oui;2008;AV DU COLONEL ROCHE;ROCHE (AV DU COLONEL ROCHE);11;3105552202;Toulouse;31555
43,5960291075;1,41021964502;"{""type"": ""Point"", ""coordinates"": [1.410219645018862, 43,59602910752573]}";ELLA MAILLART - ROQUEMAUREL;9;17;oui;2008;RUE ELLA MAILLART;MAILLART (RUE ELLA MAILLART);8;3105552941;Toulouse;31555
43,5930535546;1,41455354449;"{""type"": ""Point"", ""coordinates"": [1.41455354449201, 43,59305355464965]}";11-nov-18;250;20;oui;2008;RUE DU ONZE NOVEMBRE 1918;NOVEMBRE 1918 (RUE DU ONZE NOVEMBRE 1918);0;3105556383;Toulouse;31555
43,6115437375;1,41453821964;"{""type"": ""Point"", ""coordinates"": [1.414538219638, 43,61154373751906]}";BERNIES POSTE;131;18;oui;2008;RTE DE BLAGNAC;BLAGNAC (RTE DE BLAGNAC);15;3105551180;Toulouse;31555
43,62915139;1,47628037115;"{""type"": ""Point"", ""coordinates"": [1.476280371146846, 43,629151389957165]}";CAMBARD;258;0;oui;2014;RUE CAMBARD;CAMBARD (RUE CAMBARD);;;Toulouse;31555
43,5964357522;1,48397542238;"{""type"": ""Point"", ""coordinates"": [1.483975422383645, 43,59643575224108]}";ROTONDE;256;0;oui;2013;AV DE CASTRES;CASTRES (AV DE CASTRES);;;Toulouse;31555
43,5739907266;1,41948032089;"{""type"": ""Point"", ""coordinates"": [1.419480320888667, 43,57399072655028]}";GALLIENI;274;0;oui;2013;RTE DE SEYSSES;SEYSSES (RTE DE SEYSSES);;;Toulouse;31555
43,585441801;1,37726572028;"{""type"": ""Point"", ""coordinates"": [1.377265720283612, 43,585441800993216]}";ZAMENHOF;277;0;oui;2013;ALL DU DR LEJZER L ZAMENHOF;ZAMENHOF (ALL DU DR LEJZER L ZAMENHOF);;;Toulouse;31555
43,5814678325;1,37979179959;"{""type"": ""Point"", ""coordinates"": [1.379791799589596, 43,58146783248793]}";MARIN;276;0;oui;2013;CHE DU MARIN;MARIN (CHE DU MARIN);;;Toulouse;31555
